{
  "accuracy": [
    0.12950864434242249,
    0.29045867919921875,
    0.38512319326400757,
    0.44548794627189636,
    0.49448755383491516,
    0.5436232686042786,
    0.5887436866760254,
    0.6047366261482239,
    0.6472029685974121,
    0.6671430468559265,
    0.6832040548324585,
    0.7106301784515381,
    0.7226759195327759,
    0.743228554725647,
    0.7448618412017822,
    0.7672519683837891,
    0.7929086685180664,
    0.790118396282196,
    0.8053627610206604,
    0.8189056515693665,
    0.8353750109672546,
    0.8308833241462708,
    0.8386416435241699,
    0.8338778018951416,
    0.8563359379768372,
    0.8567442297935486,
    0.8617122769355774,
    0.8653872609138489,
    0.8688580393791199,
    0.8781135082244873,
    0.8980536460876465,
    0.8939703106880188,
    0.8952633738517761,
    0.894242525100708,
    0.9062201976776123,
    0.9184701442718506,
    0.8991425037384033,
    0.8966244459152222,
    0.9105757474899292,
    0.9125493168830872,
    0.9154757261276245,
    0.9012522101402283,
    0.9021369218826294,
    0.9220089912414551,
    0.9145910143852234,
    0.9183340072631836,
    0.9109160304069519,
    0.9120729565620422,
    0.9032938480377197,
    0.9125493168830872
  ],
  "loss": [
    4.048028945922852,
    3.359860897064209,
    2.9887564182281494,
    2.7395174503326416,
    2.573622703552246,
    2.4259133338928223,
    2.2954065799713135,
    2.214012861251831,
    2.082022190093994,
    2.0124905109405518,
    1.947137475013733,
    1.861483097076416,
    1.8305827379226685,
    1.7624441385269165,
    1.7588555812835693,
    1.7011384963989258,
    1.6050002574920654,
    1.611045241355896,
    1.561777949333191,
    1.5373327732086182,
    1.4827955961227417,
    1.490057349205017,
    1.4917622804641724,
    1.4854543209075928,
    1.4314624071121216,
    1.4467663764953613,
    1.4329948425292969,
    1.4245939254760742,
    1.4159027338027954,
    1.3757305145263672,
    1.313689112663269,
    1.352771282196045,
    1.3482660055160522,
    1.346625804901123,
    1.278807520866394,
    1.2554105520248413,
    1.323472499847412,
    1.3372620344161987,
    1.2876031398773193,
    1.2967396974563599,
    1.2676833868026733,
    1.338308334350586,
    1.3242374658584595,
    1.2580053806304932,
    1.278093934059143,
    1.2764842510223389,
    1.282785177230835,
    1.288910150527954,
    1.331864356994629,
    1.2998119592666626
  ],
  "top3_acc": [
    0.29488226771354675,
    0.5151762366294861,
    0.6225670576095581,
    0.6838165521621704,
    0.7270994782447815,
    0.7686130404472351,
    0.7979447245597839,
    0.8163876533508301,
    0.843133270740509,
    0.8558595180511475,
    0.868109405040741,
    0.8839662671089172,
    0.8884578943252563,
    0.9025452733039856,
    0.899959146976471,
    0.9140465259552002,
    0.9309922456741333,
    0.9295631051063538,
    0.9350075125694275,
    0.9410643577575684,
    0.9454879760742188,
    0.9433102011680603,
    0.9437185525894165,
    0.9403157830238342,
    0.9555600881576538,
    0.9488906860351562,
    0.9521573185920715,
    0.9530420303344727,
    0.9554240107536316,
    0.9590309262275696,
    0.9721655249595642,
    0.9637266993522644,
    0.9647474884986877,
    0.9676058292388916,
    0.9710766077041626,
    0.9770654439926147,
    0.963182270526886,
    0.9620933532714844,
    0.9703280329704285,
    0.9713488221168518,
    0.9723016023635864,
    0.9616169929504395,
    0.9591670036315918,
    0.9742071628570557,
    0.9697155356407166,
    0.9730502367019653,
    0.9644752740859985,
    0.970396101474762,
    0.9627739191055298,
    0.9674016833305359
  ],
  "val_accuracy": [
    0.35436582565307617,
    0.48056086897850037,
    0.5,
    0.516889750957489,
    0.48024219274520874,
    0.23836839199066162,
    0.2498406618833542,
    0.3046526312828064,
    0.3903760313987732,
    0.3645634055137634,
    0.53855961561203,
    0.5219885110855103,
    0.5905035138130188,
    0.512109637260437,
    0.633843183517456,
    0.6335245370864868,
    0.6309751272201538,
    0.6612492203712463,
    0.6609305143356323,
    0.6618865728378296,
    0.6596558094024658,
    0.6682600378990173,
    0.6440407633781433,
    0.6622052192687988,
    0.6717654466629028,
    0.6679413914680481,
    0.6819630265235901,
    0.6835563778877258,
    0.6835563778877258,
    0.6797323226928711,
    0.6816443800926208,
    0.6800509691238403,
    0.6867431402206421,
    0.6880178451538086,
    0.6870618462562561,
    0.6975780725479126,
    0.6892925500869751,
    0.6940726637840271,
    0.6985340714454651,
    0.6956660151481628,
    0.6953473687171936,
    0.6991714239120483,
    0.6978967785835266,
    0.7033141851425171,
    0.7007648348808289,
    0.7017208337783813,
    0.7010834813117981,
    0.7020395398139954,
    0.7010834813117981,
    0.7026768922805786
  ],
  "val_loss": [
    2.912198781967163,
    2.6186208724975586,
    2.5648694038391113,
    2.6864330768585205,
    2.848170042037964,
    4.808113098144531,
    4.068261623382568,
    3.4650943279266357,
    3.0511159896850586,
    3.1220602989196777,
    2.262967824935913,
    2.3346426486968994,
    2.0797629356384277,
    2.2197813987731934,
    1.9160103797912598,
    1.906679630279541,
    1.892459750175476,
    1.8110545873641968,
    1.8154382705688477,
    1.7822542190551758,
    1.79161536693573,
    1.7945448160171509,
    1.8270922899246216,
    1.7899574041366577,
    1.7551978826522827,
    1.7550855875015259,
    1.7071119546890259,
    1.7148653268814087,
    1.7154568433761597,
    1.7343988418579102,
    1.7123332023620605,
    1.690804362297058,
    1.6866481304168701,
    1.6822923421859741,
    1.6763628721237183,
    1.6812162399291992,
    1.6842221021652222,
    1.666546106338501,
    1.655341386795044,
    1.6567755937576294,
    1.6524646282196045,
    1.6466350555419922,
    1.6440054178237915,
    1.638054609298706,
    1.6423448324203491,
    1.642195701599121,
    1.6421287059783936,
    1.6403543949127197,
    1.6407907009124756,
    1.6402173042297363
  ],
  "val_top3_acc": [
    0.5809432864189148,
    0.7221159934997559,
    0.7297641634941101,
    0.7329509258270264,
    0.7138304710388184,
    0.6586998105049133,
    0.6153600811958313,
    0.6953473687171936,
    0.6810070276260376,
    0.6934353113174438,
    0.7686424255371094,
    0.7253027558326721,
    0.7772466540336609,
    0.7482472658157349,
    0.8167622685432434,
    0.8186743259429932,
    0.8384321331977844,
    0.8470363020896912,
    0.8438495993614197,
    0.8457616567611694,
    0.8336520195007324,
    0.8275972008705139,
    0.8231357336044312,
    0.8352453708648682,
    0.8448055982589722,
    0.8514977693557739,
    0.8575525879859924,
    0.8492670655250549,
    0.8537284731864929,
    0.8435308933258057,
    0.8556405305862427,
    0.8626513481140137,
    0.8575525879859924,
    0.8588272929191589,
    0.8604206442832947,
    0.8610579967498779,
    0.8556405305862427,
    0.8607393503189087,
    0.8639260530471802,
    0.8626513481140137,
    0.8652007579803467,
    0.8683875203132629,
    0.8690248727798462,
    0.8680688142776489,
    0.8683875203132629,
    0.8677501678466797,
    0.8674314618110657,
    0.8687061667442322,
    0.8690248727798462,
    0.8696622252464294
  ],